scen,type,value,endpoint,days,dC_mean,deaths_yr,d_lo,d_hi,dollars_yr,v_lo,v_hi,ndays
pct_m10,percent,-.1,all,all,.06180378262241331,.2140903219134009,.06924483743841246,.36860312821023,1863680.658552853,602784.2038128484,3208732.251826668,3649
pct_m10,percent,-.1,cvd,all,.06180378262241331,.04569684119861236,.01456807981238768,.07926906588393298,397796.2120738172,126816.7955279334,690046.2551931473,3649
pct_m10,percent,-.1,resp,all,.06180378262241331,.01941207380074099,.006418763132592435,.03453064490278585,168984.3154118636,55876.06480821426,300593.2003722697,3649
pct_m30,percent,-.3,all,all,.2098732792344325,.7270218999988051,.2346552427530922,1.25414662026838,6328808.519986198,2042700.638863341,10917489.30215095,3649
pct_m30,percent,-.3,cvd,all,.2098732792344325,.155180948850751,.0493572595230839,.2696572992600718,1350867.850373957,429660.570876031,2347397.530991041,3649
pct_m30,percent,-.3,resp,all,.2098732792344325,.06592169560795111,.02175629934246331,.1174926971157602,573855.8753405137,189391.0659942682,1022787.322560164,3649
pct_m50,percent,-.5,all,all,.4095593903756545,1.418791649034545,.4566500037800866,2.453847791004879,12350743.04709371,3975190.341006085,21361024.75934564,3649
pct_m50,percent,-.5,cvd,all,.4095593903756545,.3028390488895988,.09602362117405423,.5279652620998486,2636248.444235531,835896.569012956,4595997.794619062,3649
pct_m50,percent,-.5,resp,all,.4095593903756545,.1286493326520993,.04235063890659036,.2298968135438571,1119907.106760447,368667.1396547044,2001277.97013602,3649
pct_p50,percent,.5,all,all,-.2363511605832146,-.8186967783641024,-1.40452542112054,-.2696549710876894,-7126848.787092244,-12226553.90675231,-2347377.263985041,3649
pct_p50,percent,.5,cvd,all,-.2363511605832146,-.1747465447660766,-.3020926177474076,-.056761714549021,-1521188.5932948,-2629750.676049607,-494117.1959846864,3649
pct_p50,percent,.5,resp,all,-.2363511605832146,-.07423110014817766,-.1315229892613463,-.02494913833310647,-646190.1891353034,-1144922.615140795,-217185.0933914618,3649
seas_12,seasonal,.12,all,all,.08236316087321131,.2825652705083176,.09135747389303181,.486668500701776,2459762.892215743,795277.2249908657,4236504.77881804,3649
seas_12,seasonal,.12,cvd,all,.08236316087321131,.06022257584070199,.01919087128203624,.1045019731282858,524244.3880669567,167058.7222694516,909701.5893066648,3649
seas_12,seasonal,.12,resp,all,.08236316087321131,.02500909868762166,.008266896033682103,.04450103690112512,217707.0551129969,71964.27239935055,387386.5993425009,3649
seas_30,seasonal,.3,all,all,.2372288615352296,.8125164322726379,.2620554231900125,1.402592242311696,7073048.169806592,2281222.333187303,12209725.36483893,3649
seas_30,seasonal,.3,cvd,all,.2372288615352296,.1731242160926401,.05502001720197491,.301080660760026,1507066.037247067,478955.5220251526,2620941.475111353,3649
seas_30,seasonal,.3,resp,all,.2372288615352296,.07160361236828564,.02361836551548604,.1276932831101319,623317.6084777365,205600.5643059747,1111584.586507973,3649
add_100,add,100,all,all,-.1205589938858704,-.4244557647862298,-.7283432749371952,-.1397749647379744,-3694935.820421316,-6340311.239461627,-1216757.002390047,3649
add_100,add,100,cvd,all,-.1205589938858704,-.08880981455584289,-.1535640462594192,-.02883957807835303,-773099.5600274717,-1336792.528989517,-251051.814883964,3649
add_100,add,100,resp,all,-.1205589938858704,-.03634744492998609,-.06442351898928446,-.01221179505913071,-316408.651724251,-560814.077082886,-106305.0681343696,3649
add_50,add,50,all,all,-.06623663576015508,-.2334206305909561,-.4010347536167846,-.0767757316189632,-2031953.19924616,-3491053.248196022,-668341.4961764793,3649
add_50,add,50,cvd,all,-.06623663576015508,-.04877506296762379,-.08442029343256945,-.01581966237659614,-424592.4834903434,-734888.2782439684,-137711.9644297803,3649
add_50,add,50,resp,all,-.06623663576015508,-.01990188382494151,-.03531257057816871,-.00667878153026945,-173248.1675108719,-307399.9525160045,-58139.55460209001,3649
floor_100,floor,100,all,all,-.009440006328266136,-.0344177623039138,-.05900976637354294,-.01134299348468841,-299610.5444804723,-513686.7433950579,-98742.05138546987,3649
floor_100,floor,100,all,bind,-.1632539483025741,-.595215235293751,-1.020505390981318,-.1961639015432607,-5181416.477768926,-8883615.766106948,-1707629.12561886,211
floor_100,floor,100,cvd,all,-.009440006328266136,-.007017921712141322,-.01212711006775806,-.002280824037384392,-61091.8085472654,-105567.8756303817,-19854.8332593714,3649
floor_100,floor,100,cvd,bind,-.1632539483025741,-.1213668072398279,-.2097242873803278,-.03944420337637748,-1056511.892838727,-1825673.830214515,-343366.2870305509,211
floor_100,floor,100,resp,all,-.009440006328266136,-.002803210709511028,-.004964641158961572,-.0009426065926036818,-24402.26879231439,-43217.7672578526,-8205.497845766606,3649
floor_100,floor,100,resp,bind,-.1632539483025741,-.04847827430808408,-.08585770421351079,-.0163012865232741,-422008.9043751431,-747401.1029568918,-141904.5575317647,211
floor_50,floor,50,all,all,-.0009098014518747737,-.003162909147456528,-.005401901598895664,-.001046416165020792,-27533.48470025189,-47024.16923516903,-9109.17200794881,3649
floor_50,floor,50,all,bind,-.01573395970564478,-.05469884113302782,-.09341961580270274,-.01809655254104678,-476159.6477308963,-813228.4053987288,-157532.5528768019,211
floor_50,floor,50,cvd,all,-.0009098014518747737,-.0006165779366963035,-.001061400368351181,-.0002011913455413053,-5367.381228826105,-9239.611206139027,-1751.393598750454,3649
floor_50,floor,50,cvd,bind,-.01573395970564478,-.01066299948343513,-.01835568693892636,-.00347937071033281,-92822.62608524389,-159788.347351665,-30288.31868170809,211
floor_50,floor,50,resp,all,-.0009098014518747737,-.0002346096148097942,-.0004140556436124957,-.000079188310747985,-2042.303442415347,-3604.401579990147,-689.3432725286349,3649
floor_50,floor,50,resp,bind,-.01573395970564478,-.004057300874127673,-.007160611580767757,-.001369469885873921,-35319.26664158105,-62333.94012030353,-11921.39147609947,211
ref_1,reference,1,all,all,4.071710569825739,14.05981331195369,4.30533298278716,25.59654085912802,122392277.6992744,37478414.42312226,222820806.1843674,3649
ref_1,reference,1,cvd,all,4.071710569825739,3.014303551408599,.9044109422743192,5.495767350197041,26239856.04561671,7873000.355345367,47841281.30094317,3649
ref_1,reference,1,resp,all,4.071710569825739,1.287832805889999,.4050061982043878,2.41221346980606,11210731.38821232,3525625.126075791,20998593.24699731,3649
ref_10,reference,10,all,all,2.534472167148235,8.732591283053017,2.7262442249501,15.54403761124515,76018202.63438278,23732266.77003226,135312619.4261767,3649
ref_10,reference,10,cvd,all,2.534472167148235,1.876329346726252,.5751080673926197,3.361427086340627,16333660.86479755,5006381.288972436,29261605.98928301,3649
ref_10,reference,10,resp,all,2.534472167148235,.8037571612694916,.2572603811756164,1.479472196396504,6996797.717167309,2239480.945817195,12878974.12946196,3649
ref_50,reference,50,all,all,1.511127122107457,5.187650035774409,1.640160634966994,9.123862950016141,45159084.95352031,14277785.30570007,79424267.10026681,3649
ref_50,reference,50,cvd,all,1.511127122107457,1.119114250436521,.3478457933316073,1.982614555713298,9742017.129074462,3028037.285372082,17258885.72554361,3649
ref_50,reference,50,resp,all,1.511127122107457,.4817109514189175,.1559751897693913,.875886669037738,4193348.747150138,1357781.808114185,7624693.30505378,3649
day_half,day,.5,pm10,24h,3.911499594168522,,,,,,,
