name,value
bE,-.0023064717537677
seE,.0007854492094281
b_all,.0004390348301292854
se_all,.0000279374211897544
b_cvd,.0003593535510130218
se_cvd,.0000330432711355381
b_resp,.0004688989486131469
se_resp,.0000584029987660876
VSL,8705114
VSL_lo,844933.5981334482
VSL_hi,22907311.22880866
k_offseason,.8861838216620733
pm10_mo1,24.75192199662848
pm10_mo2,25.8609864790327
pm10_mo3,23.48149550247232
pm10_mo4,29.74697089950256
pm10_mo5,28.36904787606846
pm10_mo6,30.1125467531047
pm10_mo7,24.08486437939547
pm10_mo8,22.46082839329654
pm10_mo9,24.91904386443082
pm10_mo10,28.93141957064183
pm10_mo11,27.66062210199428
pm10_mo12,30.37846577317824
ndraws,2000
